{
  "azimuth": -52.41520805993279,
  "elevation": 66.22414476579239,
  "roll": 0.0,
  "distance": 0.7710865788590634,
  "fov": 60.0,
  "center": [
    0.5,
    0.5,
    0.5
  ],
  "position": [
    0.253649767499948,
    0.6896110715653196,
    1.2056441855380062
  ],
  "up": [
    -0.32539922413080724,
    -0.9354864224577673,
    0.13776972937563803
  ],
  "volume_extent": 1.0
}